token_type,token_address,receiver,amount
erc20,0xa52410B8b3Ce16d3f0E607ce8f86b3b4AC30fE2F,0xbc997a0206925c0c4637a030af7e1b86be31c544,39491
erc20,0xa52410B8b3Ce16d3f0E607ce8f86b3b4AC30fE2F,0xf66fe7cba3ed1e566d5c1feafb645493c6cf1d39,31842
erc20,0xa52410B8b3Ce16d3f0E607ce8f86b3b4AC30fE2F,0x5141c9b958ca8d2097f29124255951235763bb09,6518
erc20,0xa52410B8b3Ce16d3f0E607ce8f86b3b4AC30fE2F,0x1e4aa52b28b7933a89c091993d3b459564c45487,4803
erc20,0xa52410B8b3Ce16d3f0E607ce8f86b3b4AC30fE2F,0x67102752c2cc757dbdbc5b3b3223e24eaa09a1d0,4320
erc20,0xa52410B8b3Ce16d3f0E607ce8f86b3b4AC30fE2F,0x1cab13d773cf6ba49c699cbdbfada7ebe5d5d224,3470
erc20,0xa52410B8b3Ce16d3f0E607ce8f86b3b4AC30fE2F,0xf808c0402f7a1f14a7467a5d46ff4dc9f3e729e8,3217
erc20,0xa52410B8b3Ce16d3f0E607ce8f86b3b4AC30fE2F,0x75cc5ee2ab83f6cc2a09403e24885e1d436f5697,2604
erc20,0xa52410B8b3Ce16d3f0E607ce8f86b3b4AC30fE2F,0xb3456934ae9a8cca7c2871ecdf2364fdb903fc31,2528
erc20,0xa52410B8b3Ce16d3f0E607ce8f86b3b4AC30fE2F,0xa38cda935b26906d1f3900634b1f7a4915c16011,2382
erc20,0xa52410B8b3Ce16d3f0E607ce8f86b3b4AC30fE2F,0xb96c6475aa758ff3b5eb9fb605d324681a75f2ab,1570
erc20,0xa52410B8b3Ce16d3f0E607ce8f86b3b4AC30fE2F,0xa770fd77de7619b10301714c7733133b4a520210,1494
erc20,0xa52410B8b3Ce16d3f0E607ce8f86b3b4AC30fE2F,0x63e55cdcb9451873eb774c6e66d4962a39c17386,1455
erc20,0xa52410B8b3Ce16d3f0E607ce8f86b3b4AC30fE2F,0x042982c4bf95b0dad2452f0db1aad33b6ad5c893,1233
erc20,0xa52410B8b3Ce16d3f0E607ce8f86b3b4AC30fE2F,0x81444fd8ec08df63a02219a10ea0906d8c93925b,1187
erc20,0xa52410B8b3Ce16d3f0E607ce8f86b3b4AC30fE2F,0xa125ddbea4a910dfd492a42fac5b33542f6a71f2,1172
erc20,0xa52410B8b3Ce16d3f0E607ce8f86b3b4AC30fE2F,0xb7a458af8ed4d14fb9f89284ad26ecd4c02afa12,774
erc20,0xa52410B8b3Ce16d3f0E607ce8f86b3b4AC30fE2F,0xb96f63e3a7c380214704893f8f38f91caf413321,774
erc20,0xa52410B8b3Ce16d3f0E607ce8f86b3b4AC30fE2F,0x4069567588a2058184dae9be00a5a0b805a05168,766
erc20,0xa52410B8b3Ce16d3f0E607ce8f86b3b4AC30fE2F,0xc909fde43f44babd675aae27953b1320d090d749,766
erc20,0xa52410B8b3Ce16d3f0E607ce8f86b3b4AC30fE2F,0x8cc30992c17d08d3a3ee6b232b26381db99c9531,689
erc20,0xa52410B8b3Ce16d3f0E607ce8f86b3b4AC30fE2F,0x233c26467e0a929c75f5fffc5e766f0ca063e551,536
erc20,0xa52410B8b3Ce16d3f0E607ce8f86b3b4AC30fE2F,0x315828eee50d9ad0ea918155b661e841c5128b55,536
erc20,0xa52410B8b3Ce16d3f0E607ce8f86b3b4AC30fE2F,0x07e2456dc4e2c4cffbd1114c7a265f8d80e526f3,475
erc20,0xa52410B8b3Ce16d3f0E607ce8f86b3b4AC30fE2F,0xf85f074f8b7a6d6d4208fa8fbbef0301de0bb9f7,437
erc20,0xa52410B8b3Ce16d3f0E607ce8f86b3b4AC30fE2F,0xe805517c9d38b7198f9db7c0c247869567dec209,421
erc20,0xa52410B8b3Ce16d3f0E607ce8f86b3b4AC30fE2F,0xdab60ee75171b84f71bf2fb9b2d2e77aed814616,414
erc20,0xa52410B8b3Ce16d3f0E607ce8f86b3b4AC30fE2F,0x0a61583f1b69882d09673e9875c615c07ba4d845,406
erc20,0xa52410B8b3Ce16d3f0E607ce8f86b3b4AC30fE2F,0x753d3e0f8ad6fe487f7a0beb4dd95678480e9348,398
erc20,0xa52410B8b3Ce16d3f0E607ce8f86b3b4AC30fE2F,0x6c4a15a650a2d32cf71c291045dc35e0390bf2d1,391
erc20,0xa52410B8b3Ce16d3f0E607ce8f86b3b4AC30fE2F,0xa8e528d686e19efed1cf39a2393ea9f6ba3e5d1b,368
erc20,0xa52410B8b3Ce16d3f0E607ce8f86b3b4AC30fE2F,0xc313c8257ff407926a67ae48fefb68116de8129c,337
erc20,0xa52410B8b3Ce16d3f0E607ce8f86b3b4AC30fE2F,0xdd25707686f358b51b6506470e7b3b692af24fed,337
erc20,0xa52410B8b3Ce16d3f0E607ce8f86b3b4AC30fE2F,0x25c8a3407dc368935bb87bb66a5f2c2792d0d90c,329
erc20,0xa52410B8b3Ce16d3f0E607ce8f86b3b4AC30fE2F,0x6294625bf3544d045c7e5cd6af8cdc1a2e0f2de2,322
erc20,0xa52410B8b3Ce16d3f0E607ce8f86b3b4AC30fE2F,0xc6ce918f2757e7cc4d38830712a4d1d9a7e1522c,306
erc20,0xa52410B8b3Ce16d3f0E607ce8f86b3b4AC30fE2F,0xf3dbf679d5d1e5d97fd4d486276b1d361d2623a2,291
erc20,0xa52410B8b3Ce16d3f0E607ce8f86b3b4AC30fE2F,0x4ee77d7a485cfd4c7b522dcef34194608582adf7,260
erc20,0xa52410B8b3Ce16d3f0E607ce8f86b3b4AC30fE2F,0x4ff57f4a622db3dc7017aed300e2bc9e7962f4a1,245
erc20,0xa52410B8b3Ce16d3f0E607ce8f86b3b4AC30fE2F,0x3436f6c682f090aa2676e1fa20cc84a2c02c6e47,199
erc20,0xa52410B8b3Ce16d3f0E607ce8f86b3b4AC30fE2F,0x45b74f08d50f042c1ea2fc9c525b4e57e2ed63a6,199
erc20,0xa52410B8b3Ce16d3f0E607ce8f86b3b4AC30fE2F,0xf8165b7047952061d960d6d6f7d766f8aa9d18b3,199
erc20,0xa52410B8b3Ce16d3f0E607ce8f86b3b4AC30fE2F,0x77de78b96c9455daa94db1f9ab972a9aa400fd2b,191
erc20,0xa52410B8b3Ce16d3f0E607ce8f86b3b4AC30fE2F,0x8f28c4ee897cc3d75fc85c4594746aaf114aac4b,191
erc20,0xa52410B8b3Ce16d3f0E607ce8f86b3b4AC30fE2F,0x13f7f55d5cfd5aafa78b85c6c43dd670faefc7a7,184
erc20,0xa52410B8b3Ce16d3f0E607ce8f86b3b4AC30fE2F,0x99e01e398d7e1f6fece7633e0e37718f672734a0,161
erc20,0xa52410B8b3Ce16d3f0E607ce8f86b3b4AC30fE2F,0x1f0b25405c3e335aa0c0f2235d0da2361cc4694b,153
erc20,0xa52410B8b3Ce16d3f0E607ce8f86b3b4AC30fE2F,0x86c209e6a756125ee35812445cdeb50c2cf02799,153
erc20,0xa52410B8b3Ce16d3f0E607ce8f86b3b4AC30fE2F,0xab8c082d3e54b01e46b60ff24d54e37c540e5a99,153
erc20,0xa52410B8b3Ce16d3f0E607ce8f86b3b4AC30fE2F,0xdf8d07dd7cda8a0f5485ecf46483510ac0ca0383,153
erc20,0xa52410B8b3Ce16d3f0E607ce8f86b3b4AC30fE2F,0x1bea4ffe8bfe29aabc559997b3bee555f533e340,130
erc20,0xa52410B8b3Ce16d3f0E607ce8f86b3b4AC30fE2F,0x2ddd0332b3c9ba245542bb30676eb0462b3e4538,130
erc20,0xa52410B8b3Ce16d3f0E607ce8f86b3b4AC30fE2F,0xe8863494ebfbf800fdd0a009022be2a715ec329a,115
erc20,0xa52410B8b3Ce16d3f0E607ce8f86b3b4AC30fE2F,0xd0013d0d6afcc1ad69a8a5d898a178c5ec03af4b,100
erc20,0xa52410B8b3Ce16d3f0E607ce8f86b3b4AC30fE2F,0x18fd80a3b06c540c5b8e4268dccd4615165f32bb,84
erc20,0xa52410B8b3Ce16d3f0E607ce8f86b3b4AC30fE2F,0xddef3dca5b27622e53bad51569db8f3f72edd1f8,84
erc20,0xa52410B8b3Ce16d3f0E607ce8f86b3b4AC30fE2F,0x0a31ad183a84e021fc9bdeeeccaadebc4eab76e2,77
erc20,0xa52410B8b3Ce16d3f0E607ce8f86b3b4AC30fE2F,0x239eb4148164a93008e35b3c707545bbf7cf7656,77
erc20,0xa52410B8b3Ce16d3f0E607ce8f86b3b4AC30fE2F,0x3dfbb0e222270e39d66dad432720507da3b166fb,77
erc20,0xa52410B8b3Ce16d3f0E607ce8f86b3b4AC30fE2F,0x4ea6728f89d1e55e855b925b4d0bdb557d0bdc9b,77
erc20,0xa52410B8b3Ce16d3f0E607ce8f86b3b4AC30fE2F,0x532fe4803fecf5bec78cb602c864792a490240a5,77
erc20,0xa52410B8b3Ce16d3f0E607ce8f86b3b4AC30fE2F,0x58dfe298b1484633b1f3f53b389a4fdd4b0bc269,77
erc20,0xa52410B8b3Ce16d3f0E607ce8f86b3b4AC30fE2F,0x88e343f8f42949a2b64e239eb0a90bd30fd33d65,77
erc20,0xa52410B8b3Ce16d3f0E607ce8f86b3b4AC30fE2F,0x8aeb311e3e9439b735a85c803e2ea41eccf9b72b,77
erc20,0xa52410B8b3Ce16d3f0E607ce8f86b3b4AC30fE2F,0x8c88dd191a32dc8ea09f5414610da4b6ddfb7ebf,77
erc20,0xa52410B8b3Ce16d3f0E607ce8f86b3b4AC30fE2F,0xbf85e0cc3dd60867755fe6800cbb10009a43b0f8,77
erc20,0xa52410B8b3Ce16d3f0E607ce8f86b3b4AC30fE2F,0xd2f81788900416e049aaf68ddd75512525d7b744,77
erc20,0xa52410B8b3Ce16d3f0E607ce8f86b3b4AC30fE2F,0xda22f5d526083d91985b2363e6e50cf7a34cf58b,77
erc20,0xa52410B8b3Ce16d3f0E607ce8f86b3b4AC30fE2F,0xdd5329a5a74acc882dc24871e3da1c1ad41bd732,77
erc20,0xa52410B8b3Ce16d3f0E607ce8f86b3b4AC30fE2F,0xf9e84654fce40cb5be4fd1631e159f44ad09b87b,77
erc20,0xa52410B8b3Ce16d3f0E607ce8f86b3b4AC30fE2F,0x3b2a1180425c5d1364367aa7309099748e534e2b,69
erc20,0xa52410B8b3Ce16d3f0E607ce8f86b3b4AC30fE2F,0xa2520159f15408ac76099c4a6338829b13010ff7,69
erc20,0xa52410B8b3Ce16d3f0E607ce8f86b3b4AC30fE2F,0x3f465455712d4a3aa10878ae9c7782210dfc7cbe,61
erc20,0xa52410B8b3Ce16d3f0E607ce8f86b3b4AC30fE2F,0xcaadb073ffb83c0429059fe6cbabb8ef2620cdcf,61
erc20,0xa52410B8b3Ce16d3f0E607ce8f86b3b4AC30fE2F,0x28124c4905968d4e1d17096d790b1275078a312f,54
erc20,0xa52410B8b3Ce16d3f0E607ce8f86b3b4AC30fE2F,0xf2b3973e4f6ca444974ebc76a9d67938a6d5eb9d,54
erc20,0xa52410B8b3Ce16d3f0E607ce8f86b3b4AC30fE2F,0x997d4f80c8e17f7c2ddb2b7e3e5c34bfef1cd548,46
erc20,0xa52410B8b3Ce16d3f0E607ce8f86b3b4AC30fE2F,0x72b85907eafaf074afaa97ee9ccf71a58805ca6a,38
erc20,0xa52410B8b3Ce16d3f0E607ce8f86b3b4AC30fE2F,0xb9ce9c0d5203304c48e319c64e4c7e37bd20426d,38
erc20,0xa52410B8b3Ce16d3f0E607ce8f86b3b4AC30fE2F,0x4cf080474548ab8fb3f216eb22014e59ce07a9ea,31
erc20,0xa52410B8b3Ce16d3f0E607ce8f86b3b4AC30fE2F,0xbaf20956e444b6583a95fb96f4df2c838e60b1a4,31
erc20,0xa52410B8b3Ce16d3f0E607ce8f86b3b4AC30fE2F,0xc1c41cc93e5f18f6e77c3f5f7240cd5692fb4825,31
erc20,0xa52410B8b3Ce16d3f0E607ce8f86b3b4AC30fE2F,0xcbbfa25947b4e78fd3d09388e2775ac228818a0a,31
erc20,0xa52410B8b3Ce16d3f0E607ce8f86b3b4AC30fE2F,0x29e87c059bd4964151a2ec26c1e5a62634fe4430,23
erc20,0xa52410B8b3Ce16d3f0E607ce8f86b3b4AC30fE2F,0x4404a912dc2051384911c1c37d560e95d22c47ae,23
erc20,0xa52410B8b3Ce16d3f0E607ce8f86b3b4AC30fE2F,0x6933194c91e0178bcc7917100fb69b74ae9db6ac,23
erc20,0xa52410B8b3Ce16d3f0E607ce8f86b3b4AC30fE2F,0x7ee5432bb4d615e50c4812c961584e21c060c232,23
erc20,0xa52410B8b3Ce16d3f0E607ce8f86b3b4AC30fE2F,0x9de8139cf470557ee9584834b087707b8030a616,23
erc20,0xa52410B8b3Ce16d3f0E607ce8f86b3b4AC30fE2F,0xb8cb87cfbd6c5e26c2cae11a3f5a2e33a82ba0ba,23
erc20,0xa52410B8b3Ce16d3f0E607ce8f86b3b4AC30fE2F,0x03b7f682b017742f16378becda9d97b9d5f36c67,15
erc20,0xa52410B8b3Ce16d3f0E607ce8f86b3b4AC30fE2F,0x0c5f624c4cd2971e1743d0527789c7d9dcff1be9,15
erc20,0xa52410B8b3Ce16d3f0E607ce8f86b3b4AC30fE2F,0x434c9094d1b8bbe4d2b98ae89491cfa546117335,15
erc20,0xa52410B8b3Ce16d3f0E607ce8f86b3b4AC30fE2F,0x51f44956c62198c6ea33e2d36aaeca84870510b9,15
erc20,0xa52410B8b3Ce16d3f0E607ce8f86b3b4AC30fE2F,0x52a7f4e8904f70ea831ed31511b35aadcb36b1d9,15
erc20,0xa52410B8b3Ce16d3f0E607ce8f86b3b4AC30fE2F,0x5af8d51b7b809e661c516080d020c4d98a993c64,15
erc20,0xa52410B8b3Ce16d3f0E607ce8f86b3b4AC30fE2F,0x83e302b730023fe3456cb2da098cb7e4aa68febc,15
erc20,0xa52410B8b3Ce16d3f0E607ce8f86b3b4AC30fE2F,0x96ba3732343ab59af4272cbc562ae20ac3860a6b,15
erc20,0xa52410B8b3Ce16d3f0E607ce8f86b3b4AC30fE2F,0x9827e68f52b6bcbf9b8e96def4a0134e748d97d7,15
erc20,0xa52410B8b3Ce16d3f0E607ce8f86b3b4AC30fE2F,0x9afefc6ad149f53956a7eda3a35b4efcc6bf7b25,15
erc20,0xa52410B8b3Ce16d3f0E607ce8f86b3b4AC30fE2F,0xa48ff8592e95ea95305790d635e7117557838be2,15
erc20,0xa52410B8b3Ce16d3f0E607ce8f86b3b4AC30fE2F,0xb141e4ef9070ec7341e2f2877c1ad6027653ab90,15
erc20,0xa52410B8b3Ce16d3f0E607ce8f86b3b4AC30fE2F,0xc1857d326520542e64ddf5bde2687ef664000ffe,15
erc20,0xa52410B8b3Ce16d3f0E607ce8f86b3b4AC30fE2F,0xcc6c6bbf1ea1450439f88daba8590c9bb1d5833e,15
erc20,0xa52410B8b3Ce16d3f0E607ce8f86b3b4AC30fE2F,0xd1b63f22131641b26b06bffcac25dbd1f75a13d6,15
erc20,0xa52410B8b3Ce16d3f0E607ce8f86b3b4AC30fE2F,0xe9d70598fdfc4a7f6992e77770b13ed8aa1897ea,15
erc20,0xa52410B8b3Ce16d3f0E607ce8f86b3b4AC30fE2F,0xedd9b6a6b6a5cacac5007ae295d0bce6323f3a7d,15
erc20,0xa52410B8b3Ce16d3f0E607ce8f86b3b4AC30fE2F,0x00cd39130bbeea5e1cf1c772383701824940dcba,8
erc20,0xa52410B8b3Ce16d3f0E607ce8f86b3b4AC30fE2F,0x02d94b6a0fe1e2ba02b5339c1c2cb84ce799d3a6,8
erc20,0xa52410B8b3Ce16d3f0E607ce8f86b3b4AC30fE2F,0x066e6f1c366c01832d651f1855f1a200b2b73b31,8
erc20,0xa52410B8b3Ce16d3f0E607ce8f86b3b4AC30fE2F,0x074b51bed1af226d894b28e631d039e4c6658f11,8
erc20,0xa52410B8b3Ce16d3f0E607ce8f86b3b4AC30fE2F,0x0754e0b5898f76c9bc03a3646d3c9def19a2f04f,8
erc20,0xa52410B8b3Ce16d3f0E607ce8f86b3b4AC30fE2F,0x09d9626c1e6e40517f345aa1c49f3b945c572f6e,8
erc20,0xa52410B8b3Ce16d3f0E607ce8f86b3b4AC30fE2F,0x0a85a9f8dd2dbd8938fd1cc5369e983a8580b246,8
erc20,0xa52410B8b3Ce16d3f0E607ce8f86b3b4AC30fE2F,0x160cf6551ee3d910f673af762d5a2f1bd4855be1,8
erc20,0xa52410B8b3Ce16d3f0E607ce8f86b3b4AC30fE2F,0x19e7f3b19a69f843d908a6d8010c3e3800ac3d7e,8
erc20,0xa52410B8b3Ce16d3f0E607ce8f86b3b4AC30fE2F,0x21790eab4a23756f2e16c5711e33026bdc5a6740,8
erc20,0xa52410B8b3Ce16d3f0E607ce8f86b3b4AC30fE2F,0x24c456cbbcab2066e6b344a02bae0b2e7a8be895,8
erc20,0xa52410B8b3Ce16d3f0E607ce8f86b3b4AC30fE2F,0x283ee752b62c028c33002232ba8900fc867368a8,8
erc20,0xa52410B8b3Ce16d3f0E607ce8f86b3b4AC30fE2F,0x2dde22c26d9427c12f7536f9cd28c266a93b5033,8
erc20,0xa52410B8b3Ce16d3f0E607ce8f86b3b4AC30fE2F,0x2fbf2de396f58d796ff1dd0dc804b48b56530423,8
erc20,0xa52410B8b3Ce16d3f0E607ce8f86b3b4AC30fE2F,0x35036ac0b67a6c2e43931510cfb5efde45314f25,8
erc20,0xa52410B8b3Ce16d3f0E607ce8f86b3b4AC30fE2F,0x36adf331356c2c41c4f473cee305fe5fd8a1c84f,8
erc20,0xa52410B8b3Ce16d3f0E607ce8f86b3b4AC30fE2F,0x3a6a13aa18b37a29c39872cc113569dbcb6cfbb2,8
erc20,0xa52410B8b3Ce16d3f0E607ce8f86b3b4AC30fE2F,0x3fd4b335ca5a81ddfd1e3899a2bd57dca41213e0,8
erc20,0xa52410B8b3Ce16d3f0E607ce8f86b3b4AC30fE2F,0x43db9dd1811d4a89482663abdc6ab6ca0654c591,8
erc20,0xa52410B8b3Ce16d3f0E607ce8f86b3b4AC30fE2F,0x450e45c10b452b7dc3fe61d399ced36ed4b78c9f,8
erc20,0xa52410B8b3Ce16d3f0E607ce8f86b3b4AC30fE2F,0x4d5657730911393313748be8a25cee23a315ad12,8
erc20,0xa52410B8b3Ce16d3f0E607ce8f86b3b4AC30fE2F,0x4e8d857c4afae9387723f40fcec27d5ff3ee2bec,8
erc20,0xa52410B8b3Ce16d3f0E607ce8f86b3b4AC30fE2F,0x5481dda6e80804c6a979e71fab5c13b1db563d56,8
erc20,0xa52410B8b3Ce16d3f0E607ce8f86b3b4AC30fE2F,0x5c443ca22e55e94c1e9bd1ae1f5d3d8e2f612af7,8
erc20,0xa52410B8b3Ce16d3f0E607ce8f86b3b4AC30fE2F,0x5e637a22309b4a3ecc51abe05f5740c70b7e498f,8
erc20,0xa52410B8b3Ce16d3f0E607ce8f86b3b4AC30fE2F,0x5fc0ade9695788611964c26273a4bdb010610c27,8
erc20,0xa52410B8b3Ce16d3f0E607ce8f86b3b4AC30fE2F,0x65c36f813b9a5a63e2c30f3c9a02653cb2dbe2a3,8
erc20,0xa52410B8b3Ce16d3f0E607ce8f86b3b4AC30fE2F,0x66f0fe77825a96c3b393f31f81ec69fd91dafff8,8
erc20,0xa52410B8b3Ce16d3f0E607ce8f86b3b4AC30fE2F,0x6c2fb5d8528243a88d404011397066c76765dae1,8
erc20,0xa52410B8b3Ce16d3f0E607ce8f86b3b4AC30fE2F,0x71d15ba0c5d1ede336cc8d62708dfb04e7cd8d13,8
erc20,0xa52410B8b3Ce16d3f0E607ce8f86b3b4AC30fE2F,0x72b88e7bd586a488f20c6bc3d5f3be7b3caf25fc,8
erc20,0xa52410B8b3Ce16d3f0E607ce8f86b3b4AC30fE2F,0x7402c66b8d9fc2d4500736159a02fd1d3a14181d,8
erc20,0xa52410B8b3Ce16d3f0E607ce8f86b3b4AC30fE2F,0x81d44927bb42fd1114607f3b0bc0354e162e2103,8
erc20,0xa52410B8b3Ce16d3f0E607ce8f86b3b4AC30fE2F,0x8ae3936203e6b0b0963aea8d752523397a9df4cd,8
erc20,0xa52410B8b3Ce16d3f0E607ce8f86b3b4AC30fE2F,0x935d446f8e9fd9607c9b92bd27c719dfc5cd1f05,8
erc20,0xa52410B8b3Ce16d3f0E607ce8f86b3b4AC30fE2F,0x944ef002dbd06f5ff69f36fa2731a29723805714,8
erc20,0xa52410B8b3Ce16d3f0E607ce8f86b3b4AC30fE2F,0x95b1c5b4409b3299b5786276942685f1f125c469,8
erc20,0xa52410B8b3Ce16d3f0E607ce8f86b3b4AC30fE2F,0x9af30d17dad5f6b21eca1bbb7997cb9f61886860,8
erc20,0xa52410B8b3Ce16d3f0E607ce8f86b3b4AC30fE2F,0x9b9a2bbced0f47cb8ec23da0ef60a93cef6c25d5,8
erc20,0xa52410B8b3Ce16d3f0E607ce8f86b3b4AC30fE2F,0x9ee35d42e469532b7bb5dfb2e94fa456e01c9c9f,8
erc20,0xa52410B8b3Ce16d3f0E607ce8f86b3b4AC30fE2F,0x9f6b0fbe614f65ff91ae8d170bf32b2f9d81f64a,8
erc20,0xa52410B8b3Ce16d3f0E607ce8f86b3b4AC30fE2F,0xa2684d1034f77e7ec91d1a2ec028dc2f1f1904d2,8
erc20,0xa52410B8b3Ce16d3f0E607ce8f86b3b4AC30fE2F,0xaa056c6381db5fb9ce060269eb19b30b26b025e8,8
erc20,0xa52410B8b3Ce16d3f0E607ce8f86b3b4AC30fE2F,0xaef6862193d47f0b1c2e30f6e49bebedebc40fdc,8
erc20,0xa52410B8b3Ce16d3f0E607ce8f86b3b4AC30fE2F,0xb08380f240213287efa7ec6dc3b6f3ecc925a495,8
erc20,0xa52410B8b3Ce16d3f0E607ce8f86b3b4AC30fE2F,0xb311cb843b1a7e46bf0349ecf96e662da505913a,8
erc20,0xa52410B8b3Ce16d3f0E607ce8f86b3b4AC30fE2F,0xb531ccf78ad70a7709e42b67db402cc4e3f8442f,8
erc20,0xa52410B8b3Ce16d3f0E607ce8f86b3b4AC30fE2F,0xc53b7a40d374f5253bb099704bf9951581b7053c,8
erc20,0xa52410B8b3Ce16d3f0E607ce8f86b3b4AC30fE2F,0xc894f86c8461e6a2e94ab3a7e13a4757130898f2,8
erc20,0xa52410B8b3Ce16d3f0E607ce8f86b3b4AC30fE2F,0xc8c3b812430aac2e5d9306eb7632dcf93978bf10,8
erc20,0xa52410B8b3Ce16d3f0E607ce8f86b3b4AC30fE2F,0xcc8407a746f92c35b31483718f817562eaa011ec,8
erc20,0xa52410B8b3Ce16d3f0E607ce8f86b3b4AC30fE2F,0xd0aba30eed05d9787899a04ea7638408436f7635,8
erc20,0xa52410B8b3Ce16d3f0E607ce8f86b3b4AC30fE2F,0xd51ffe694ececadf7d8a35c9ec885a9c43a19812,8
erc20,0xa52410B8b3Ce16d3f0E607ce8f86b3b4AC30fE2F,0xd8a5eff3d9cb47638553c580fa7ad47f619295ca,8
erc20,0xa52410B8b3Ce16d3f0E607ce8f86b3b4AC30fE2F,0xdcb9e3a95b015e820828d21ca68b688af1389076,8
erc20,0xa52410B8b3Ce16d3f0E607ce8f86b3b4AC30fE2F,0xdecda2ffbbbce9139ff1ce769d9e1a59bfb6a20c,8
erc20,0xa52410B8b3Ce16d3f0E607ce8f86b3b4AC30fE2F,0xe3026d701f4cb1dd54b1baf298df624ec8e9dae6,8
erc20,0xa52410B8b3Ce16d3f0E607ce8f86b3b4AC30fE2F,0xecf8c8e44b5740e45f4b51d7c9a25db80e22bd14,8
erc20,0xa52410B8b3Ce16d3f0E607ce8f86b3b4AC30fE2F,0xfbeaecbd5a9373b83ac2f283c1f90122d8c4739e,8
erc20,0xa52410B8b3Ce16d3f0E607ce8f86b3b4AC30fE2F,0x5141c9b958ca8d2097f29124255951235763bb09,31018
erc20,0xa52410B8b3Ce16d3f0E607ce8f86b3b4AC30fE2F,0xbc997a0206925c0c4637a030af7e1b86be31c544,31017
erc20,0xa52410B8b3Ce16d3f0E607ce8f86b3b4AC30fE2F,0x1e4aa52b28b7933a89c091993d3b459564c45487,15509
erc20,0xa52410B8b3Ce16d3f0E607ce8f86b3b4AC30fE2F,0xb3456934ae9a8cca7c2871ecdf2364fdb903fc31,13648
erc20,0xa52410B8b3Ce16d3f0E607ce8f86b3b4AC30fE2F,0xa38cda935b26906d1f3900634b1f7a4915c16011,12407
erc20,0xa52410B8b3Ce16d3f0E607ce8f86b3b4AC30fE2F,0xa770fd77de7619b10301714c7733133b4a520210,7754
erc20,0xa52410B8b3Ce16d3f0E607ce8f86b3b4AC30fE2F,0x233c26467e0a929c75f5fffc5e766f0ca063e551,3102
erc20,0xa52410B8b3Ce16d3f0E607ce8f86b3b4AC30fE2F,0xc313c8257ff407926a67ae48fefb68116de8129c,3102
erc20,0xa52410B8b3Ce16d3f0E607ce8f86b3b4AC30fE2F,0xdf8d07dd7cda8a0f5485ecf46483510ac0ca0383,3102
erc20,0xa52410B8b3Ce16d3f0E607ce8f86b3b4AC30fE2F,0x2ddd0332b3c9ba245542bb30676eb0462b3e4538,931
erc20,0xa52410B8b3Ce16d3f0E607ce8f86b3b4AC30fE2F,0x4ff57f4a622db3dc7017aed300e2bc9e7962f4a1,620
erc20,0xa52410B8b3Ce16d3f0E607ce8f86b3b4AC30fE2F,0xe805517c9d38b7198f9db7c0c247869567dec209,620
erc20,0xa52410B8b3Ce16d3f0E607ce8f86b3b4AC30fE2F,0xf85f074f8b7a6d6d4208fa8fbbef0301de0bb9f7,620
erc20,0xa52410B8b3Ce16d3f0E607ce8f86b3b4AC30fE2F,0x18fd80a3b06c540c5b8e4268dccd4615165f32bb,310
erc20,0xa52410B8b3Ce16d3f0E607ce8f86b3b4AC30fE2F,0x24c456cbbcab2066e6b344a02bae0b2e7a8be895,310
erc20,0xa52410B8b3Ce16d3f0E607ce8f86b3b4AC30fE2F,0xa2520159f15408ac76099c4a6338829b13010ff7,310
erc20,0xa52410B8b3Ce16d3f0E607ce8f86b3b4AC30fE2F,0xaef6862193d47f0b1c2e30f6e49bebedebc40fdc,310
erc20,0xa52410B8b3Ce16d3f0E607ce8f86b3b4AC30fE2F,0xcc6c6bbf1ea1450439f88daba8590c9bb1d5833e,310
